TEB_Class,VEGF,BLDF,PAVF,BLDH,Z0RF,Z0RD,ALRF,ALRD,ALWL,EMRF,EMRD,EMWL,HCRF1,HCRD1,HCWL1,HCRF2,HCRD2,HCWL2,HCRF3,HCRD3,HCWL3,TCRF1,TCRD1,TCWL1,TCRF2,TCRD2,TCWL2,TCRF3,TCRD3,TCWL3,DPRF1,DPRD1,DPWL1,DPRF2,DPRD2,DPWL2,DPRF3,DPRD3,DPWL3,QHTR,QETR,QHIN,QEIN,VF_1,VF_2,VF_3,VF_4,VF_5,VF_6,VF_7,VF_8,VF_9,VF10,VF11,VF12,VF13,VF14,VF15,VF16,VF17,VF18,VF19,VF20,VF21,VF22,VF23,VF24,VF25,VF26
-9999,0,0,0,0,0,0,0,0,0,0,0,0,1199,1199,1199,1198,1198,1198,1197,1197,1197,1199,1199,1199,1198,1198,1198,1197,1197,1197,1199,1199,1199,1198,1198,1198,1197,1197,1197,0,0,0,0,1,2,3,4,5,6,7,8,9,10,11,12,13,14,15,16,17,18,19,20,21,22,23,24,25,26
100,0,1,0,15,0.15,-9999,0.15,-9999,0.25,0.92,-9999,0.9,3.00E+006,-9999,1.55E+006,1.50E+006,-9999,1.55E+006,2.90E+005,-9999,2.90E+005,1.51,-9999,0.9338,0.15,-9999,0.9338,0.04,-9999,0.05,0.05,-9999,0.02,0.4,-9999,0.125,0.1,-9999,0.05,0,0,0,0,0,0,0,0,0,0,0,0,0,0,0,0,0,0,0,0,0,0,0,0,0,0,0,0,0,0
102,0,1,0,10,0.15,-9999,0.25,-9999,0.25,0.91,-9999,0.91,2.18E+006,-9999,1.89E+006,2.18E+006,-9999,1.89E+006,2.18E+006,-9999,1.89E+006,1.83,-9999,1.77,1.83,-9999,1.77,1.83,-9999,1.77,0.05,-9999,0.02,0.4,-9999,0.125,0.1,-9999,0.05,0,0,0,0,0,0,0,0,0,0,0,0,0,0,0,0,0,0,0,0,0,0,0,0,0,0,0,0,0,0
104,0,1,0,20,0.15,-9999,0.16,-9999,0.25,0.28,-9999,0.91,3.00E+006,-9999,2.11E+006,1.50E+006,-9999,2.11E+006,2.90E+005,-9999,2.11E+006,1.51,-9999,1.51,0.15,-9999,0.67,0.04,-9999,1.51,0.05,-9999,0.02,0.4,-9999,0.125,0.1,-9999,0.05,0,0,0,0,0,0,0,0,0,0,0,0,0,0,0,0,0,0,0,0,0,0,0,0,0,0,0,0,0,0
110,0,1,0,10,0.15,-9999,0.12,-9999,0.5,0.92,-9999,0.9,1.76E+006,-9999,2.11E+006,4.00E+004,-9999,1.00E+006,2.21E+006,-9999,2.11E+006,1.4,-9999,1.51,0.03,-9999,0.67,1.51,-9999,1.51,0.03,-9999,0.03,0.01,-9999,0.14,0.03,-9999,0.03,0,0,0,0,0,0,0,0,0,0,0,0,0,0,0,0,0,0,0,0,0,0,0,0,0,0,0,0,0,0
120,0,1,0,15,0.15,-9999,0.15,-9999,0.3,0.92,-9999,0.9,3.00E+006,-9999,1.55E+006,1.50E+006,-9999,1.55E+006,2.90E+005,-9999,2.90E+005,1.51,-9999,0.9338,0.15,-9999,0.9338,0.04,-9999,0.05,0.05,-9999,0.02,0.4,-9999,0.125,0.1,-9999,0.05,0,0,0,0,0,0,0,0,0,0,0,0,0,0,0,0,0,0,0,0,0,0,0,0,0,0,0,0,0,0
130,0,1,0,9.5,0.15,-9999,0.15,-9999,0.3,0.92,-9999,0.91,3.00E+006,-9999,1.55E+006,1.50E+006,-9999,1.55E+006,2.90E+005,-9999,2.90E+005,1.51,-9999,0.9338,0.15,-9999,0.9338,0.04,-9999,0.05,0.05,-9999,0.02,0.4,-9999,0.125,0.1,-9999,0.05,0,0,0,0,0,0,0,0,0,0,0,0,0,0,0,0,0,0,0,0,0,0,0,0,0,0,0,0,0,0
140,0,1,0,10,0.15,-9999,0.15,-9999,0.3,0.92,-9999,0.91,3.00E+006,-9999,1.55E+006,1.50E+006,-9999,1.55E+006,2.90E+005,-9999,2.90E+005,1.51,-9999,0.9338,0.15,-9999,0.9338,0.04,-9999,0.05,0.05,-9999,0.02,0.4,-9999,0.125,0.1,-9999,0.05,0,0,0,0,0,0,0,0,0,0,0,0,0,0,0,0,0,0,0,0,0,0,0,0,0,0,0,0,0,0
150,0,1,0,4.5,0.15,-9999,0.15,-9999,0.3,0.92,-9999,0.91,3.00E+006,-9999,1.55E+006,1.50E+006,-9999,1.55E+006,2.90E+005,-9999,2.90E+005,1.51,-9999,0.9338,0.15,-9999,0.9338,0.04,-9999,0.05,0.05,-9999,0.02,0.4,-9999,0.125,0.1,-9999,0.05,0,0,0,0,0,0,0,0,0,0,0,0,0,0,0,0,0,0,0,0,0,0,0,0,0,0,0,0,0,0
160,0,1,0,4.5,0.15,-9999,0.15,-9999,0.3,0.92,-9999,0.91,3.00E+006,-9999,1.55E+006,1.50E+006,-9999,1.55E+006,2.90E+005,-9999,2.90E+005,1.51,-9999,0.9338,0.15,-9999,0.9338,0.04,-9999,0.05,0.05,-9999,0.02,0.4,-9999,0.125,0.1,-9999,0.05,0,0,0,0,0,0,0,0,0,0,0,0,0,0,0,0,0,0,0,0,0,0,0,0,0,0,0,0,0,0
164,0,1,0,40,0.15,-9999,0.35,-9999,0.35,0.92,-9999,0.92,2.18E+006,-9999,2.18E+006,2.18E+006,-9999,2.18E+006,2.18E+006,-9999,2.18E+006,1.83,-9999,1.83,1.83,-9999,1.83,1.83,-9999,1.83,0.05,-9999,0.02,0.4,-9999,0.125,0.1,-9999,0.05,0,0,0,0,0,0,0,0,0,0,0,0,0,0,0,0,0,0,0,0,0,0,0,0,0,0,0,0,0,0
170,0,1,0,4.5,0.15,-9999,0.15,-9999,0.25,0.9,-9999,0.9,3.00E+006,-9999,1.55E+006,1.50E+006,-9999,1.55E+006,2.90E+005,-9999,2.90E+005,1.51,-9999,0.9338,0.15,-9999,0.9338,0.04,-9999,0.05,0.05,-9999,0.02,0.4,-9999,0.125,0.1,-9999,0.05,0,0,0,0,0,0,0,0,0,0,0,0,0,0,0,0,0,0,0,0,0,0,0,0,0,0,0,0,0,0
201,0.793674257,0.187853081,0.018472663,5,0.15,0.05,0.15,0.16,0.25,0.91,0.93,0.85,3.00E+006,1.00E+006,1.55E+006,1.50E+006,3.00E+006,1.55E+006,2.90E+005,1.30E+006,2.90E+005,1.51,0.7,0.9338,0.15,1.8,0.9338,0.04,0.3,0.05,0.05,0.08,0.02,0.4,0.2,0.125,0.1,1,0.05,0,0,0,0,0,0,0,0,0,0,0,0,0,0,0,0,0.396837128,0,0,0,0,0,0,0,0,0,0,0,0.396837128,0
202,0.679651545,0.264099271,0.056249184,5,0.15,0.05,0.15,0.16,0.25,0.91,0.93,0.85,3.00E+006,1.00E+006,1.55E+006,1.50E+006,3.00E+006,1.55E+006,2.90E+005,1.30E+006,2.90E+005,1.51,0.7,0.9338,0.15,1.8,0.9338,0.04,0.3,0.05,0.05,0.08,0.02,0.4,0.2,0.125,0.1,1,0.05,0,0,0,0,0,0,0,0,0,0,0,0,0,0,0,0,0.339825773,0,0,0,0,0,0,0,0,0,0,0,0.339825773,0
203,0.612952535,0.308700432,0.078347032,5,0.15,0.05,0.15,0.16,0.25,0.91,0.93,0.85,3.00E+006,1.00E+006,1.55E+006,1.50E+006,3.00E+006,1.55E+006,2.90E+005,1.30E+006,2.90E+005,1.51,0.7,0.9338,0.15,1.8,0.9338,0.04,0.3,0.05,0.05,0.08,0.02,0.4,0.2,0.125,0.1,1,0.05,0,0,0,0,0,0,0,0,0,0,0,0,0,0,0,0,0.306476268,0,0,0,0,0,0,0,0,0,0,0,0.306476268,0
204,0.565628834,0.34034546,0.094025705,5,0.15,0.05,0.15,0.16,0.25,0.91,0.93,0.85,3.00E+006,1.00E+006,1.55E+006,1.50E+006,3.00E+006,1.55E+006,2.90E+005,1.30E+006,2.90E+005,1.51,0.7,0.9338,0.15,1.8,0.9338,0.04,0.3,0.05,0.05,0.08,0.02,0.4,0.2,0.125,0.1,1,0.05,0,0,0,0,0,0,0,0,0,0,0,0,0,0,0,0,0.282814417,0,0,0,0,0,0,0,0,0,0,0,0.282814417,0
205,0.52892172,0.364891251,0.106187029,5,0.15,0.05,0.15,0.16,0.25,0.91,0.93,0.85,3.00E+006,1.00E+006,1.55E+006,1.50E+006,3.00E+006,1.55E+006,2.90E+005,1.30E+006,2.90E+005,1.51,0.7,0.9338,0.15,1.8,0.9338,0.04,0.3,0.05,0.05,0.08,0.02,0.4,0.2,0.125,0.1,1,0.05,0,0,0,0,0,0,0,0,0,0,0,0,0,0,0,0,0.26446086,0,0,0,0,0,0,0,0,0,0,0,0.26446086,0
206,0.498929824,0.384946622,0.116123554,5,0.15,0.05,0.15,0.16,0.25,0.91,0.93,0.85,3.00E+006,1.00E+006,1.55E+006,1.50E+006,3.00E+006,1.55E+006,2.90E+005,1.30E+006,2.90E+005,1.51,0.7,0.9338,0.15,1.8,0.9338,0.04,0.3,0.05,0.05,0.08,0.02,0.4,0.2,0.125,0.1,1,0.05,0,0,0,0,0,0,0,0,0,0,0,0,0,0,0,0,0.249464912,0,0,0,0,0,0,0,0,0,0,0,0.249464912,0
207,0.473572037,0.401903197,0.124524766,5,0.15,0.05,0.15,0.16,0.25,0.91,0.93,0.85,3.00E+006,1.00E+006,1.55E+006,1.50E+006,3.00E+006,1.55E+006,2.90E+005,1.30E+006,2.90E+005,1.51,0.7,0.9338,0.15,1.8,0.9338,0.04,0.3,0.05,0.05,0.08,0.02,0.4,0.2,0.125,0.1,1,0.05,0,0,0,0,0,0,0,0,0,0,0,0,0,0,0,0,0.236786019,0,0,0,0,0,0,0,0,0,0,0,0.236786019,0
208,0.451606123,0.41659165,0.131802227,5,0.15,0.05,0.15,0.16,0.25,0.91,0.93,0.85,3.00E+006,1.00E+006,1.55E+006,1.50E+006,3.00E+006,1.55E+006,2.90E+005,1.30E+006,2.90E+005,1.51,0.7,0.9338,0.15,1.8,0.9338,0.04,0.3,0.05,0.05,0.08,0.02,0.4,0.2,0.125,0.1,1,0.05,0,0,0,0,0,0,0,0,0,0,0,0,0,0,0,0,0.225803062,0,0,0,0,0,0,0,0,0,0,0,0.225803062,0
209,0.432230814,0.429547784,0.138221402,5,0.15,0.05,0.15,0.16,0.25,0.91,0.93,0.85,3.00E+006,1.00E+006,1.55E+006,1.50E+006,3.00E+006,1.55E+006,2.90E+005,1.30E+006,2.90E+005,1.51,0.7,0.9338,0.15,1.8,0.9338,0.04,0.3,0.05,0.05,0.08,0.02,0.4,0.2,0.125,0.1,1,0.05,0,0,0,0,0,0,0,0,0,0,0,0,0,0,0,0,0.216115407,0,0,0,0,0,0,0,0,0,0,0,0.216115407,0
210,0.414899009,0.441137441,0.14396355,9.5,0.15,0.05,0.15,0.16,0.25,0.91,0.93,0.85,3.00E+006,1.00E+006,1.55E+006,1.50E+006,3.00E+006,1.55E+006,2.90E+005,1.30E+006,2.90E+005,1.51,0.7,0.9338,0.15,1.8,0.9338,0.04,0.3,0.05,0.05,0.08,0.02,0.4,0.2,0.125,0.1,1,0.05,0,0,0,0,0,0,0,0,0,0,0,0,0,0,0,0,0.207449504,0,0,0,0,0,0,0,0,0,0,0,0.207449504,0
211,0.399220484,0.451621561,0.149157955,9.5,0.15,0.05,0.15,0.16,0.25,0.91,0.93,0.85,3.00E+006,1.00E+006,1.55E+006,1.50E+006,3.00E+006,1.55E+006,2.90E+005,1.30E+006,2.90E+005,1.51,0.7,0.9338,0.15,1.8,0.9338,0.04,0.3,0.05,0.05,0.08,0.02,0.4,0.2,0.125,0.1,1,0.05,0,0,0,0,0,0,0,0,0,0,0,0,0,0,0,0,0.199610242,0,0,0,0,0,0,0,0,0,0,0,0.199610242,0
212,0.384907113,0.461192812,0.153900075,9.5,0.15,0.05,0.15,0.16,0.25,0.91,0.93,0.85,3.00E+006,1.00E+006,1.55E+006,1.50E+006,3.00E+006,1.55E+006,2.90E+005,1.30E+006,2.90E+005,1.51,0.7,0.9338,0.15,1.8,0.9338,0.04,0.3,0.05,0.05,0.08,0.02,0.4,0.2,0.125,0.1,1,0.05,0,0,0,0,0,0,0,0,0,0,0,0,0,0,0,0,0.192453556,0,0,0,0,0,0,0,0,0,0,0,0.192453556,0
213,0.371740087,0.46999751,0.158262403,9.5,0.15,0.05,0.15,0.16,0.25,0.91,0.93,0.85,3.00E+006,1.00E+006,1.55E+006,1.50E+006,3.00E+006,1.55E+006,2.90E+005,1.30E+006,2.90E+005,1.51,0.7,0.9338,0.15,1.8,0.9338,0.04,0.3,0.05,0.05,0.08,0.02,0.4,0.2,0.125,0.1,1,0.05,0,0,0,0,0,0,0,0,0,0,0,0,0,0,0,0,0.185870044,0,0,0,0,0,0,0,0,0,0,0,0.185870044,0
214,0.359549326,0.478149387,0.162301287,9.5,0.15,0.05,0.15,0.16,0.25,0.91,0.93,0.85,3.00E+006,1.00E+006,1.55E+006,1.50E+006,3.00E+006,1.55E+006,2.90E+005,1.30E+006,2.90E+005,1.51,0.7,0.9338,0.15,1.8,0.9338,0.04,0.3,0.05,0.05,0.08,0.02,0.4,0.2,0.125,0.1,1,0.05,0,0,0,0,0,0,0,0,0,0,0,0,0,0,0,0,0.179774663,0,0,0,0,0,0,0,0,0,0,0,0.179774663,0
215,0.348199999,0.485738603,0.166061399,9.5,0.15,0.05,0.15,0.16,0.25,0.91,0.93,0.85,3.00E+006,1.00E+006,1.55E+006,1.50E+006,3.00E+006,1.55E+006,2.90E+005,1.30E+006,2.90E+005,1.51,0.7,0.9338,0.15,1.8,0.9338,0.04,0.3,0.05,0.05,0.08,0.02,0.4,0.2,0.125,0.1,1,0.05,0,0,0,0,0,0,0,0,0,0,0,0,0,0,0,0,0.174099999,0,0,0,0,0,0,0,0,0,0,0,0.174099999,0
216,0.337583412,0.49283784,0.169578748,9.5,0.15,0.05,0.15,0.16,0.25,0.91,0.93,0.85,3.00E+006,1.00E+006,1.55E+006,1.50E+006,3.00E+006,1.55E+006,2.90E+005,1.30E+006,2.90E+005,1.51,0.7,0.9338,0.15,1.8,0.9338,0.04,0.3,0.05,0.05,0.08,0.02,0.4,0.2,0.125,0.1,1,0.05,0,0,0,0,0,0,0,0,0,0,0,0,0,0,0,0,0.168791706,0,0,0,0,0,0,0,0,0,0,0,0.168791706,0
217,0.327610662,0.499506549,0.17288279,9.5,0.15,0.05,0.15,0.16,0.25,0.91,0.93,0.85,3.00E+006,1.00E+006,1.55E+006,1.50E+006,3.00E+006,1.55E+006,2.90E+005,1.30E+006,2.90E+005,1.51,0.7,0.9338,0.15,1.8,0.9338,0.04,0.3,0.05,0.05,0.08,0.02,0.4,0.2,0.125,0.1,1,0.05,0,0,0,0,0,0,0,0,0,0,0,0,0,0,0,0,0.163805331,0,0,0,0,0,0,0,0,0,0,0,0.163805331,0
218,0.318208102,0.505793974,0.175997924,9.5,0.15,0.05,0.15,0.16,0.25,0.91,0.93,0.85,3.00E+006,1.00E+006,1.55E+006,1.50E+006,3.00E+006,1.55E+006,2.90E+005,1.30E+006,2.90E+005,1.51,0.7,0.9338,0.15,1.8,0.9338,0.04,0.3,0.05,0.05,0.08,0.02,0.4,0.2,0.125,0.1,1,0.05,0,0,0,0,0,0,0,0,0,0,0,0,0,0,0,0,0.159104051,0,0,0,0,0,0,0,0,0,0,0,0.159104051,0
219,0.309314045,0.511741368,0.178944587,9.5,0.15,0.05,0.15,0.16,0.25,0.91,0.93,0.85,3.00E+006,1.00E+006,1.55E+006,1.50E+006,3.00E+006,1.55E+006,2.90E+005,1.30E+006,2.90E+005,1.51,0.7,0.9338,0.15,1.8,0.9338,0.04,0.3,0.05,0.05,0.08,0.02,0.4,0.2,0.125,0.1,1,0.05,0,0,0,0,0,0,0,0,0,0,0,0,0,0,0,0,0.154657022,0,0,0,0,0,0,0,0,0,0,0,0.154657022,0
220,0.300876298,0.517383631,0.181740072,14,0.15,0.05,0.15,0.16,0.25,0.91,0.93,0.85,3.00E+006,1.00E+006,1.55E+006,1.50E+006,3.00E+006,1.55E+006,2.90E+005,1.30E+006,2.90E+005,1.51,0.7,0.9338,0.15,1.8,0.9338,0.04,0.3,0.05,0.05,0.08,0.02,0.4,0.2,0.125,0.1,1,0.05,0,0,0,0,0,0,0,0,0,0,0,0,0,0,0,0,0.150438149,0,0,0,0,0,0,0,0,0,0,0,0.150438149,0
221,0.292850316,0.522750549,0.184399136,14,0.15,0.05,0.15,0.16,0.25,0.91,0.93,0.85,3.00E+006,1.00E+006,1.55E+006,1.50E+006,3.00E+006,1.55E+006,2.90E+005,1.30E+006,2.90E+005,1.51,0.7,0.9338,0.15,1.8,0.9338,0.04,0.3,0.05,0.05,0.08,0.02,0.4,0.2,0.125,0.1,1,0.05,0,0,0,0,0,0,0,0,0,0,0,0,0,0,0,0,0.146425158,0,0,0,0,0,0,0,0,0,0,0,0.146425158,0
222,0.285197773,0.527867751,0.186934476,14,0.15,0.05,0.15,0.16,0.25,0.91,0.93,0.85,3.00E+006,1.00E+006,1.55E+006,1.50E+006,3.00E+006,1.55E+006,2.90E+005,1.30E+006,2.90E+005,1.51,0.7,0.9338,0.15,1.8,0.9338,0.04,0.3,0.05,0.05,0.08,0.02,0.4,0.2,0.125,0.1,1,0.05,0,0,0,0,0,0,0,0,0,0,0,0,0,0,0,0,0.142598887,0,0,0,0,0,0,0,0,0,0,0,0.142598887,0
223,0.277885458,0.532757444,0.189357097,14,0.15,0.05,0.15,0.16,0.25,0.91,0.93,0.85,3.00E+006,1.00E+006,1.55E+006,1.50E+006,3.00E+006,1.55E+006,2.90E+005,1.30E+006,2.90E+005,1.51,0.7,0.9338,0.15,1.8,0.9338,0.04,0.3,0.05,0.05,0.08,0.02,0.4,0.2,0.125,0.1,1,0.05,0,0,0,0,0,0,0,0,0,0,0,0,0,0,0,0,0.138942729,0,0,0,0,0,0,0,0,0,0,0,0.138942729,0
224,0.270884402,0.537439002,0.191676596,14,0.15,0.05,0.15,0.16,0.25,0.91,0.93,0.85,3.00E+006,1.00E+006,1.55E+006,1.50E+006,3.00E+006,1.55E+006,2.90E+005,1.30E+006,2.90E+005,1.51,0.7,0.9338,0.15,1.8,0.9338,0.04,0.3,0.05,0.05,0.08,0.02,0.4,0.2,0.125,0.1,1,0.05,0,0,0,0,0,0,0,0,0,0,0,0,0,0,0,0,0.135442201,0,0,0,0,0,0,0,0,0,0,0,0.135442201,0
225,0.264169183,0.541929421,0.193901395,14,0.15,0.05,0.15,0.16,0.25,0.91,0.93,0.85,3.00E+006,1.00E+006,1.55E+006,1.50E+006,3.00E+006,1.55E+006,2.90E+005,1.30E+006,2.90E+005,1.51,0.7,0.9338,0.15,1.8,0.9338,0.04,0.3,0.05,0.05,0.08,0.02,0.4,0.2,0.125,0.1,1,0.05,0,0,0,0,0,0,0,0,0,0,0,0,0,0,0,0,0.132084592,0,0,0,0,0,0,0,0,0,0,0,0.132084592,0
226,0.257717376,0.5462437,0.196038924,14,0.15,0.05,0.15,0.16,0.25,0.91,0.93,0.85,3.00E+006,1.00E+006,1.55E+006,1.50E+006,3.00E+006,1.55E+006,2.90E+005,1.30E+006,2.90E+005,1.51,0.7,0.9338,0.15,1.8,0.9338,0.04,0.3,0.05,0.05,0.08,0.02,0.4,0.2,0.125,0.1,1,0.05,0,0,0,0,0,0,0,0,0,0,0,0,0,0,0,0,0.128858688,0,0,0,0,0,0,0,0,0,0,0,0.128858688,0
227,0.251509092,0.550395136,0.198095772,14,0.15,0.05,0.15,0.16,0.25,0.91,0.93,0.85,3.00E+006,1.00E+006,1.55E+006,1.50E+006,3.00E+006,1.55E+006,2.90E+005,1.30E+006,2.90E+005,1.51,0.7,0.9338,0.15,1.8,0.9338,0.04,0.3,0.05,0.05,0.08,0.02,0.4,0.2,0.125,0.1,1,0.05,0,0,0,0,0,0,0,0,0,0,0,0,0,0,0,0,0.125754546,0,0,0,0,0,0,0,0,0,0,0,0.125754546,0
228,0.245526615,0.554395577,0.200077809,14,0.15,0.05,0.15,0.16,0.25,0.91,0.93,0.85,3.00E+006,1.00E+006,1.55E+006,1.50E+006,3.00E+006,1.55E+006,2.90E+005,1.30E+006,2.90E+005,1.51,0.7,0.9338,0.15,1.8,0.9338,0.04,0.3,0.05,0.05,0.08,0.02,0.4,0.2,0.125,0.1,1,0.05,0,0,0,0,0,0,0,0,0,0,0,0,0,0,0,0,0.122763307,0,0,0,0,0,0,0,0,0,0,0,0.122763307,0
229,0.239754093,0.558255622,0.201990285,14,0.15,0.05,0.15,0.16,0.25,0.91,0.93,0.85,3.00E+006,1.00E+006,1.55E+006,1.50E+006,3.00E+006,1.55E+006,2.90E+005,1.30E+006,2.90E+005,1.51,0.7,0.9338,0.15,1.8,0.9338,0.04,0.3,0.05,0.05,0.08,0.02,0.4,0.2,0.125,0.1,1,0.05,0,0,0,0,0,0,0,0,0,0,0,0,0,0,0,0,0.119877046,0,0,0,0,0,0,0,0,0,0,0,0.119877046,0
230,0.234177287,0.561984793,0.20383792,14,0.15,0.05,0.15,0.16,0.25,0.91,0.93,0.85,3.00E+006,1.00E+006,1.55E+006,1.50E+006,3.00E+006,1.55E+006,2.90E+005,1.30E+006,2.90E+005,1.51,0.7,0.9338,0.15,1.8,0.9338,0.04,0.3,0.05,0.05,0.08,0.02,0.4,0.2,0.125,0.1,1,0.05,0,0,0,0,0,0,0,0,0,0,0,0,0,0,0,0,0.117088644,0,0,0,0,0,0,0,0,0,0,0,0.117088644,0
231,0.228783361,0.565591673,0.205624965,14,0.15,0.05,0.15,0.16,0.25,0.91,0.93,0.85,3.00E+006,1.00E+006,1.55E+006,1.50E+006,3.00E+006,1.55E+006,2.90E+005,1.30E+006,2.90E+005,1.51,0.7,0.9338,0.15,1.8,0.9338,0.04,0.3,0.05,0.05,0.08,0.02,0.4,0.2,0.125,0.1,1,0.05,0,0,0,0,0,0,0,0,0,0,0,0,0,0,0,0,0.114391681,0,0,0,0,0,0,0,0,0,0,0,0.114391681,0
232,0.223560701,0.56908403,0.207355269,14,0.15,0.05,0.15,0.16,0.25,0.91,0.93,0.85,3.00E+006,1.00E+006,1.55E+006,1.50E+006,3.00E+006,1.55E+006,2.90E+005,1.30E+006,2.90E+005,1.51,0.7,0.9338,0.15,1.8,0.9338,0.04,0.3,0.05,0.05,0.08,0.02,0.4,0.2,0.125,0.1,1,0.05,0,0,0,0,0,0,0,0,0,0,0,0,0,0,0,0,0.11178035,0,0,0,0,0,0,0,0,0,0,0,0.11178035,0
233,0.218498763,0.572468912,0.209032325,14,0.15,0.05,0.15,0.16,0.25,0.91,0.93,0.85,3.00E+006,1.00E+006,1.55E+006,1.50E+006,3.00E+006,1.55E+006,2.90E+005,1.30E+006,2.90E+005,1.51,0.7,0.9338,0.15,1.8,0.9338,0.04,0.3,0.05,0.05,0.08,0.02,0.4,0.2,0.125,0.1,1,0.05,0,0,0,0,0,0,0,0,0,0,0,0,0,0,0,0,0.109249381,0,0,0,0,0,0,0,0,0,0,0,0.109249381,0
234,0.21358795,0.575752738,0.210659311,14,0.15,0.05,0.15,0.16,0.25,0.91,0.93,0.85,3.00E+006,1.00E+006,1.55E+006,1.50E+006,3.00E+006,1.55E+006,2.90E+005,1.30E+006,2.90E+005,1.51,0.7,0.9338,0.15,1.8,0.9338,0.04,0.3,0.05,0.05,0.08,0.02,0.4,0.2,0.125,0.1,1,0.05,0,0,0,0,0,0,0,0,0,0,0,0,0,0,0,0,0.106793975,0,0,0,0,0,0,0,0,0,0,0,0.106793975,0
235,0.2088195,0.578941367,0.212239132,14,0.15,0.05,0.15,0.16,0.25,0.91,0.93,0.85,3.00E+006,1.00E+006,1.55E+006,1.50E+006,3.00E+006,1.55E+006,2.90E+005,1.30E+006,2.90E+005,1.51,0.7,0.9338,0.15,1.8,0.9338,0.04,0.3,0.05,0.05,0.08,0.02,0.4,0.2,0.125,0.1,1,0.05,0,0,0,0,0,0,0,0,0,0,0,0,0,0,0,0,0.10440975,0,0,0,0,0,0,0,0,0,0,0,0.10440975,0
236,0.204185391,0.582040164,0.213774445,14,0.15,0.05,0.15,0.16,0.25,0.91,0.93,0.85,3.00E+006,1.00E+006,1.55E+006,1.50E+006,3.00E+006,1.55E+006,2.90E+005,1.30E+006,2.90E+005,1.51,0.7,0.9338,0.15,1.8,0.9338,0.04,0.3,0.05,0.05,0.08,0.02,0.4,0.2,0.125,0.1,1,0.05,0,0,0,0,0,0,0,0,0,0,0,0,0,0,0,0,0.102092696,0,0,0,0,0,0,0,0,0,0,0,0.102092696,0
237,0.19967826,0.585054051,0.215267689,14,0.15,0.05,0.15,0.16,0.25,0.91,0.93,0.85,3.00E+006,1.00E+006,1.55E+006,1.50E+006,3.00E+006,1.55E+006,2.90E+005,1.30E+006,2.90E+005,1.51,0.7,0.9338,0.15,1.8,0.9338,0.04,0.3,0.05,0.05,0.08,0.02,0.4,0.2,0.125,0.1,1,0.05,0,0,0,0,0,0,0,0,0,0,0,0,0,0,0,0,0.09983913,0,0,0,0,0,0,0,0,0,0,0,0.09983913,0
238,0.195291333,0.587987558,0.216721108,14,0.15,0.05,0.15,0.16,0.25,0.91,0.93,0.85,3.00E+006,1.00E+006,1.55E+006,1.50E+006,3.00E+006,1.55E+006,2.90E+005,1.30E+006,2.90E+005,1.51,0.7,0.9338,0.15,1.8,0.9338,0.04,0.3,0.05,0.05,0.08,0.02,0.4,0.2,0.125,0.1,1,0.05,0,0,0,0,0,0,0,0,0,0,0,0,0,0,0,0,0.097645667,0,0,0,0,0,0,0,0,0,0,0,0.097645667,0
239,0.191018366,0.590844862,0.218136772,14,0.15,0.05,0.15,0.16,0.25,0.91,0.93,0.85,3.00E+006,1.00E+006,1.55E+006,1.50E+006,3.00E+006,1.55E+006,2.90E+005,1.30E+006,2.90E+005,1.51,0.7,0.9338,0.15,1.8,0.9338,0.04,0.3,0.05,0.05,0.08,0.02,0.4,0.2,0.125,0.1,1,0.05,0,0,0,0,0,0,0,0,0,0,0,0,0,0,0,0,0.095509183,0,0,0,0,0,0,0,0,0,0,0,0.095509183,0
240,0.186853586,0.593629821,0.219516593,14,0.15,0.05,0.15,0.16,0.3,0.92,0.93,0.92,3.00E+006,1.00E+006,1.60E+006,1.50E+006,3.00E+006,1.55E+006,2.90E+005,1.30E+006,2.90E+005,1.51,0.7,0.72,0.15,1.8,0.9338,0.04,0.3,0.05,0.05,0.08,0.02,0.4,0.2,0.125,0.1,1,0.05,0,0,0,0,0,0,0,0,0,0,0,0,0,0,0,0,0.093426793,0,0,0,0,0,0,0,0,0,0,0,0.093426793,0
241,0.182791652,0.596346008,0.22086234,14,0.15,0.05,0.15,0.16,0.3,0.92,0.93,0.92,3.00E+006,1.00E+006,1.60E+006,1.50E+006,3.00E+006,1.55E+006,2.90E+005,1.30E+006,2.90E+005,1.51,0.7,0.72,0.15,1.8,0.9338,0.04,0.3,0.05,0.05,0.08,0.02,0.4,0.2,0.125,0.1,1,0.05,0,0,0,0,0,0,0,0,0,0,0,0,0,0,0,0,0.091395826,0,0,0,0,0,0,0,0,0,0,0,0.091395826,0
242,0.178827604,0.598996739,0.222175657,14,0.15,0.05,0.15,0.16,0.3,0.92,0.93,0.92,3.00E+006,1.00E+006,1.60E+006,1.50E+006,3.00E+006,1.55E+006,2.90E+005,1.30E+006,2.90E+005,1.51,0.7,0.72,0.15,1.8,0.9338,0.04,0.3,0.05,0.05,0.08,0.02,0.4,0.2,0.125,0.1,1,0.05,0,0,0,0,0,0,0,0,0,0,0,0,0,0,0,0,0.089413802,0,0,0,0,0,0,0,0,0,0,0,0.089413802,0
243,0.174956838,0.601585093,0.223458069,14,0.15,0.05,0.15,0.16,0.3,0.92,0.93,0.92,3.00E+006,1.00E+006,1.60E+006,1.50E+006,3.00E+006,1.55E+006,2.90E+005,1.30E+006,2.90E+005,1.51,0.7,0.72,0.15,1.8,0.9338,0.04,0.3,0.05,0.05,0.08,0.02,0.4,0.2,0.125,0.1,1,0.05,0,0,0,0,0,0,0,0,0,0,0,0,0,0,0,0,0.087478419,0,0,0,0,0,0,0,0,0,0,0,0.087478419,0
244,0.171175062,0.60411394,0.224710998,14,0.15,0.05,0.15,0.16,0.3,0.92,0.93,0.92,3.00E+006,1.00E+006,1.60E+006,1.50E+006,3.00E+006,1.55E+006,2.90E+005,1.30E+006,2.90E+005,1.51,0.7,0.72,0.15,1.8,0.9338,0.04,0.3,0.05,0.05,0.08,0.02,0.4,0.2,0.125,0.1,1,0.05,0,0,0,0,0,0,0,0,0,0,0,0,0,0,0,0,0.085587531,0,0,0,0,0,0,0,0,0,0,0,0.085587531,0
245,0.167478277,0.606585955,0.225935768,14,0.15,0.05,0.15,0.16,0.3,0.92,0.93,0.92,3.00E+006,1.00E+006,1.60E+006,1.50E+006,3.00E+006,1.55E+006,2.90E+005,1.30E+006,2.90E+005,1.51,0.7,0.72,0.15,1.8,0.9338,0.04,0.3,0.05,0.05,0.08,0.02,0.4,0.2,0.125,0.1,1,0.05,0,0,0,0,0,0,0,0,0,0,0,0,0,0,0,0,0.083739139,0,0,0,0,0,0,0,0,0,0,0,0.083739139,0
246,0.163862747,0.609003634,0.227133619,14,0.15,0.05,0.15,0.16,0.3,0.92,0.93,0.92,3.00E+006,1.00E+006,1.60E+006,1.50E+006,3.00E+006,1.55E+006,2.90E+005,1.30E+006,2.90E+005,1.51,0.7,0.72,0.15,1.8,0.9338,0.04,0.3,0.05,0.05,0.08,0.02,0.4,0.2,0.125,0.1,1,0.05,0,0,0,0,0,0,0,0,0,0,0,0,0,0,0,0,0.081931373,0,0,0,0,0,0,0,0,0,0,0,0.081931373,0
247,0.160324976,0.611369317,0.228305707,14,0.15,0.05,0.15,0.16,0.3,0.92,0.93,0.92,3.00E+006,1.00E+006,1.60E+006,1.50E+006,3.00E+006,1.55E+006,2.90E+005,1.30E+006,2.90E+005,1.51,0.7,0.72,0.15,1.8,0.9338,0.04,0.3,0.05,0.05,0.08,0.02,0.4,0.2,0.125,0.1,1,0.05,0,0,0,0,0,0,0,0,0,0,0,0,0,0,0,0,0.080162488,0,0,0,0,0,0,0,0,0,0,0,0.080162488,0
248,0.15686169,0.613685192,0.229453118,14,0.15,0.05,0.15,0.16,0.3,0.92,0.93,0.92,3.00E+006,1.00E+006,1.60E+006,1.50E+006,3.00E+006,1.55E+006,2.90E+005,1.30E+006,2.90E+005,1.51,0.7,0.72,0.15,1.8,0.9338,0.04,0.3,0.05,0.05,0.08,0.02,0.4,0.2,0.125,0.1,1,0.05,0,0,0,0,0,0,0,0,0,0,0,0,0,0,0,0,0.078430845,0,0,0,0,0,0,0,0,0,0,0,0.078430845,0
249,0.153469818,0.615953313,0.230576869,14,0.15,0.05,0.15,0.16,0.3,0.92,0.93,0.92,3.00E+006,1.00E+006,1.60E+006,1.50E+006,3.00E+006,1.55E+006,2.90E+005,1.30E+006,2.90E+005,1.51,0.7,0.72,0.15,1.8,0.9338,0.04,0.3,0.05,0.05,0.08,0.02,0.4,0.2,0.125,0.1,1,0.05,0,0,0,0,0,0,0,0,0,0,0,0,0,0,0,0,0.076734909,0,0,0,0,0,0,0,0,0,0,0,0.076734909,0
250,0.150146472,0.618175611,0.231677917,14,0.15,0.05,0.15,0.16,0.3,0.92,0.93,0.92,3.00E+006,1.00E+006,1.60E+006,1.50E+006,3.00E+006,1.55E+006,2.90E+005,1.30E+006,2.90E+005,1.51,0.7,0.72,0.15,1.8,0.9338,0.04,0.3,0.05,0.05,0.08,0.02,0.4,0.2,0.125,0.1,1,0.05,0,0,0,0,0,0,0,0,0,0,0,0,0,0,0,0,0.075073236,0,0,0,0,0,0,0,0,0,0,0,0.075073236,0
251,0.14688894,0.6203539,0.23275716,14,0.15,0.05,0.15,0.16,0.3,0.92,0.93,0.92,3.00E+006,1.00E+006,1.60E+006,1.50E+006,3.00E+006,1.55E+006,2.90E+005,1.30E+006,2.90E+005,1.51,0.7,0.72,0.15,1.8,0.9338,0.04,0.3,0.05,0.05,0.08,0.02,0.4,0.2,0.125,0.1,1,0.05,0,0,0,0,0,0,0,0,0,0,0,0,0,0,0,0,0.07344447,0,0,0,0,0,0,0,0,0,0,0,0.07344447,0
252,0.143694665,0.62248989,0.233815445,14,0.15,0.05,0.15,0.16,0.3,0.92,0.93,0.92,3.00E+006,1.00E+006,1.60E+006,1.50E+006,3.00E+006,1.55E+006,2.90E+005,1.30E+006,2.90E+005,1.51,0.7,0.72,0.15,1.8,0.9338,0.04,0.3,0.05,0.05,0.08,0.02,0.4,0.2,0.125,0.1,1,0.05,0,0,0,0,0,0,0,0,0,0,0,0,0,0,0,0,0.071847332,0,0,0,0,0,0,0,0,0,0,0,0.071847332,0
253,0.140561237,0.624585191,0.234853572,14,0.15,0.05,0.15,0.16,0.3,0.92,0.93,0.92,3.00E+006,1.00E+006,1.60E+006,1.50E+006,3.00E+006,1.55E+006,2.90E+005,1.30E+006,2.90E+005,1.51,0.7,0.72,0.15,1.8,0.9338,0.04,0.3,0.05,0.05,0.08,0.02,0.4,0.2,0.125,0.1,1,0.05,0,0,0,0,0,0,0,0,0,0,0,0,0,0,0,0,0.070280618,0,0,0,0,0,0,0,0,0,0,0,0.070280618,0
254,0.137486381,0.626641326,0.235872293,14,0.15,0.05,0.15,0.16,0.3,0.92,0.93,0.92,3.00E+006,1.00E+006,1.60E+006,1.50E+006,3.00E+006,1.55E+006,2.90E+005,1.30E+006,2.90E+005,1.51,0.7,0.72,0.15,1.8,0.9338,0.04,0.3,0.05,0.05,0.08,0.02,0.4,0.2,0.125,0.1,1,0.05,0,0,0,0,0,0,0,0,0,0,0,0,0,0,0,0,0.06874319,0,0,0,0,0,0,0,0,0,0,0,0.06874319,0
255,0.134467948,0.628659731,0.236872321,14,0.15,0.05,0.15,0.16,0.3,0.92,0.93,0.92,3.00E+006,1.00E+006,1.60E+006,1.50E+006,3.00E+006,1.55E+006,2.90E+005,1.30E+006,2.90E+005,1.51,0.7,0.72,0.15,1.8,0.9338,0.04,0.3,0.05,0.05,0.08,0.02,0.4,0.2,0.125,0.1,1,0.05,0,0,0,0,0,0,0,0,0,0,0,0,0,0,0,0,0.067233974,0,0,0,0,0,0,0,0,0,0,0,0.067233974,0
256,0.131503903,0.630641767,0.23785433,14,0.15,0.05,0.15,0.16,0.3,0.92,0.93,0.92,3.00E+006,1.00E+006,1.60E+006,1.50E+006,3.00E+006,1.55E+006,2.90E+005,1.30E+006,2.90E+005,1.51,0.7,0.72,0.15,1.8,0.9338,0.04,0.3,0.05,0.05,0.08,0.02,0.4,0.2,0.125,0.1,1,0.05,0,0,0,0,0,0,0,0,0,0,0,0,0,0,0,0,0.065751952,0,0,0,0,0,0,0,0,0,0,0,0.065751952,0
257,0.128592323,0.63258872,0.238818957,14,0.15,0.05,0.15,0.16,0.3,0.92,0.93,0.92,3.00E+006,1.00E+006,1.60E+006,1.50E+006,3.00E+006,1.55E+006,2.90E+005,1.30E+006,2.90E+005,1.51,0.7,0.72,0.15,1.8,0.9338,0.04,0.3,0.05,0.05,0.08,0.02,0.4,0.2,0.125,0.1,1,0.05,0,0,0,0,0,0,0,0,0,0,0,0,0,0,0,0,0.064296162,0,0,0,0,0,0,0,0,0,0,0,0.064296162,0
258,0.125731381,0.634501812,0.239766807,14,0.15,0.05,0.15,0.16,0.3,0.92,0.93,0.92,3.00E+006,1.00E+006,1.60E+006,1.50E+006,3.00E+006,1.55E+006,2.90E+005,1.30E+006,2.90E+005,1.51,0.7,0.72,0.15,1.8,0.9338,0.04,0.3,0.05,0.05,0.08,0.02,0.4,0.2,0.125,0.1,1,0.05,0,0,0,0,0,0,0,0,0,0,0,0,0,0,0,0,0.062865691,0,0,0,0,0,0,0,0,0,0,0,0.062865691,0
259,0.122919347,0.6363822,0.240698453,14,0.15,0.05,0.15,0.16,0.3,0.92,0.93,0.92,3.00E+006,1.00E+006,1.60E+006,1.50E+006,3.00E+006,1.55E+006,2.90E+005,1.30E+006,2.90E+005,1.51,0.7,0.72,0.15,1.8,0.9338,0.04,0.3,0.05,0.05,0.08,0.02,0.4,0.2,0.125,0.1,1,0.05,0,0,0,0,0,0,0,0,0,0,0,0,0,0,0,0,0.061459674,0,0,0,0,0,0,0,0,0,0,0,0.061459674,0
260,0.120154576,0.638230983,0.241614441,14,0.15,0.05,0.15,0.16,0.3,0.92,0.93,0.92,3.00E+006,1.00E+006,1.60E+006,1.50E+006,3.00E+006,1.55E+006,2.90E+005,1.30E+006,2.90E+005,1.51,0.7,0.72,0.15,1.8,0.9338,0.04,0.3,0.05,0.05,0.08,0.02,0.4,0.2,0.125,0.1,1,0.05,0,0,0,0,0,0,0,0,0,0,0,0,0,0,0,0,0.060077288,0,0,0,0,0,0,0,0,0,0,0,0.060077288,0
261,0.117435506,0.640049206,0.242515288,14,0.15,0.05,0.15,0.16,0.3,0.92,0.93,0.92,3.00E+006,1.00E+006,1.60E+006,1.50E+006,3.00E+006,1.55E+006,2.90E+005,1.30E+006,2.90E+005,1.51,0.7,0.72,0.15,1.8,0.9338,0.04,0.3,0.05,0.05,0.08,0.02,0.4,0.2,0.125,0.1,1,0.05,0,0,0,0,0,0,0,0,0,0,0,0,0,0,0,0,0.058717753,0,0,0,0,0,0,0,0,0,0,0,0.058717753,0
262,0.11476065,0.641837863,0.243401487,14,0.15,0.05,0.15,0.16,0.3,0.92,0.93,0.92,3.00E+006,1.00E+006,1.60E+006,1.50E+006,3.00E+006,1.55E+006,2.90E+005,1.30E+006,2.90E+005,1.51,0.7,0.72,0.15,1.8,0.9338,0.04,0.3,0.05,0.05,0.08,0.02,0.4,0.2,0.125,0.1,1,0.05,0,0,0,0,0,0,0,0,0,0,0,0,0,0,0,0,0.057380325,0,0,0,0,0,0,0,0,0,0,0,0.057380325,0
263,0.112128594,0.643597901,0.244273505,14,0.15,0.05,0.15,0.16,0.3,0.92,0.93,0.92,3.00E+006,1.00E+006,1.60E+006,1.50E+006,3.00E+006,1.55E+006,2.90E+005,1.30E+006,2.90E+005,1.51,0.7,0.72,0.15,1.8,0.9338,0.04,0.3,0.05,0.05,0.08,0.02,0.4,0.2,0.125,0.1,1,0.05,0,0,0,0,0,0,0,0,0,0,0,0,0,0,0,0,0.056064297,0,0,0,0,0,0,0,0,0,0,0,0.056064297,0
264,0.109537989,0.64533022,0.245131791,14,0.15,0.05,0.15,0.16,0.3,0.92,0.93,0.92,3.00E+006,1.00E+006,1.60E+006,1.50E+006,3.00E+006,1.55E+006,2.90E+005,1.30E+006,2.90E+005,1.51,0.7,0.72,0.15,1.8,0.9338,0.04,0.3,0.05,0.05,0.08,0.02,0.4,0.2,0.125,0.1,1,0.05,0,0,0,0,0,0,0,0,0,0,0,0,0,0,0,0,0.054768995,0,0,0,0,0,0,0,0,0,0,0,0.054768995,0
265,0.106987551,0.64703568,0.245976769,14,0.15,0.05,0.15,0.16,0.3,0.92,0.93,0.92,3.00E+006,1.00E+006,1.60E+006,1.50E+006,3.00E+006,1.55E+006,2.90E+005,1.30E+006,2.90E+005,1.51,0.7,0.72,0.15,1.8,0.9338,0.04,0.3,0.05,0.05,0.08,0.02,0.4,0.2,0.125,0.1,1,0.05,0,0,0,0,0,0,0,0,0,0,0,0,0,0,0,0,0.053493775,0,0,0,0,0,0,0,0,0,0,0,0.053493775,0
266,0.104476052,0.648715102,0.246808846,14,0.15,0.05,0.15,0.16,0.3,0.92,0.93,0.92,3.00E+006,1.00E+006,1.60E+006,1.50E+006,3.00E+006,1.55E+006,2.90E+005,1.30E+006,2.90E+005,1.51,0.7,0.72,0.15,1.8,0.9338,0.04,0.3,0.05,0.05,0.08,0.02,0.4,0.2,0.125,0.1,1,0.05,0,0,0,0,0,0,0,0,0,0,0,0,0,0,0,0,0.052238026,0,0,0,0,0,0,0,0,0,0,0,0.052238026,0
267,0.102002321,0.650369269,0.24762841,14,0.15,0.05,0.15,0.16,0.3,0.92,0.93,0.92,3.00E+006,1.00E+006,1.60E+006,1.50E+006,3.00E+006,1.55E+006,2.90E+005,1.30E+006,2.90E+005,1.51,0.7,0.72,0.15,1.8,0.9338,0.04,0.3,0.05,0.05,0.08,0.02,0.4,0.2,0.125,0.1,1,0.05,0,0,0,0,0,0,0,0,0,0,0,0,0,0,0,0,0.05100116,0,0,0,0,0,0,0,0,0,0,0,0.05100116,0
268,0.099565239,0.651998928,0.248435833,14,0.15,0.05,0.15,0.16,0.3,0.92,0.93,0.92,3.00E+006,1.00E+006,1.60E+006,1.50E+006,3.00E+006,1.55E+006,2.90E+005,1.30E+006,2.90E+005,1.51,0.7,0.72,0.15,1.8,0.9338,0.04,0.3,0.05,0.05,0.08,0.02,0.4,0.2,0.125,0.1,1,0.05,0,0,0,0,0,0,0,0,0,0,0,0,0,0,0,0,0.04978262,0,0,0,0,0,0,0,0,0,0,0,0.04978262,0
269,0.097163737,0.653604796,0.249231467,14,0.15,0.05,0.15,0.16,0.3,0.92,0.93,0.92,3.00E+006,1.00E+006,1.60E+006,1.50E+006,3.00E+006,1.55E+006,2.90E+005,1.30E+006,2.90E+005,1.51,0.7,0.72,0.15,1.8,0.9338,0.04,0.3,0.05,0.05,0.08,0.02,0.4,0.2,0.125,0.1,1,0.05,0,0,0,0,0,0,0,0,0,0,0,0,0,0,0,0,0.048581868,0,0,0,0,0,0,0,0,0,0,0,0.048581868,0
270,0.094796789,0.655187557,0.250015653,14,0.15,0.05,0.15,0.16,0.3,0.92,0.93,0.92,3.00E+006,1.00E+006,1.60E+006,1.50E+006,3.00E+006,1.55E+006,2.90E+005,1.30E+006,2.90E+005,1.51,0.7,0.72,0.15,1.8,0.9338,0.04,0.3,0.05,0.05,0.08,0.02,0.4,0.2,0.125,0.1,1,0.05,0,0,0,0,0,0,0,0,0,0,0,0,0,0,0,0,0.047398395,0,0,0,0,0,0,0,0,0,0,0,0.047398395,0
271,0.092463417,0.656747867,0.250788716,14,0.15,0.05,0.15,0.16,0.3,0.92,0.93,0.92,3.00E+006,1.00E+006,1.60E+006,1.50E+006,3.00E+006,1.55E+006,2.90E+005,1.30E+006,2.90E+005,1.51,0.7,0.72,0.15,1.8,0.9338,0.04,0.3,0.05,0.05,0.08,0.02,0.4,0.2,0.125,0.1,1,0.05,0,0,0,0,0,0,0,0,0,0,0,0,0,0,0,0,0.046231708,0,0,0,0,0,0,0,0,0,0,0,0.046231708,0
272,0.09016268,0.658286354,0.251550966,14,0.15,0.05,0.15,0.16,0.3,0.92,0.93,0.92,3.00E+006,1.00E+006,1.60E+006,1.50E+006,3.00E+006,1.55E+006,2.90E+005,1.30E+006,2.90E+005,1.51,0.7,0.72,0.15,1.8,0.9338,0.04,0.3,0.05,0.05,0.08,0.02,0.4,0.2,0.125,0.1,1,0.05,0,0,0,0,0,0,0,0,0,0,0,0,0,0,0,0,0.04508134,0,0,0,0,0,0,0,0,0,0,0,0.04508134,0
273,0.087893679,0.659803619,0.252302702,14,0.15,0.05,0.15,0.16,0.3,0.92,0.93,0.92,3.00E+006,1.00E+006,1.60E+006,1.50E+006,3.00E+006,1.55E+006,2.90E+005,1.30E+006,2.90E+005,1.51,0.7,0.72,0.15,1.8,0.9338,0.04,0.3,0.05,0.05,0.08,0.02,0.4,0.2,0.125,0.1,1,0.05,0,0,0,0,0,0,0,0,0,0,0,0,0,0,0,0,0.043946839,0,0,0,0,0,0,0,0,0,0,0,0.043946839,0
274,0.085655549,0.661300241,0.25304421,14,0.15,0.05,0.15,0.16,0.3,0.92,0.93,0.92,3.00E+006,1.00E+006,1.60E+006,1.50E+006,3.00E+006,1.55E+006,2.90E+005,1.30E+006,2.90E+005,1.51,0.7,0.72,0.15,1.8,0.9338,0.04,0.3,0.05,0.05,0.08,0.02,0.4,0.2,0.125,0.1,1,0.05,0,0,0,0,0,0,0,0,0,0,0,0,0,0,0,0,0.042827774,0,0,0,0,0,0,0,0,0,0,0,0.042827774,0
275,0.083447462,0.662776773,0.253775765,14,0.15,0.05,0.15,0.16,0.3,0.92,0.93,0.92,3.00E+006,1.00E+006,1.60E+006,1.50E+006,3.00E+006,1.55E+006,2.90E+005,1.30E+006,2.90E+005,1.51,0.7,0.72,0.15,1.8,0.9338,0.04,0.3,0.05,0.05,0.08,0.02,0.4,0.2,0.125,0.1,1,0.05,0,0,0,0,0,0,0,0,0,0,0,0,0,0,0,0,0.041723731,0,0,0,0,0,0,0,0,0,0,0,0.041723731,0
276,0.081268622,0.664233748,0.25449763,14,0.15,0.05,0.15,0.16,0.3,0.92,0.93,0.92,3.00E+006,1.00E+006,1.60E+006,1.50E+006,3.00E+006,1.55E+006,2.90E+005,1.30E+006,2.90E+005,1.51,0.7,0.72,0.15,1.8,0.9338,0.04,0.3,0.05,0.05,0.08,0.02,0.4,0.2,0.125,0.1,1,0.05,0,0,0,0,0,0,0,0,0,0,0,0,0,0,0,0,0.040634311,0,0,0,0,0,0,0,0,0,0,0,0.040634311,0
277,0.079118265,0.665671677,0.255210058,14,0.15,0.05,0.15,0.16,0.3,0.92,0.93,0.92,3.00E+006,1.00E+006,1.60E+006,1.50E+006,3.00E+006,1.55E+006,2.90E+005,1.30E+006,2.90E+005,1.51,0.7,0.72,0.15,1.8,0.9338,0.04,0.3,0.05,0.05,0.08,0.02,0.4,0.2,0.125,0.1,1,0.05,0,0,0,0,0,0,0,0,0,0,0,0,0,0,0,0,0.039559132,0,0,0,0,0,0,0,0,0,0,0,0.039559132,0
278,0.076995655,0.667091052,0.255913294,14,0.15,0.05,0.15,0.16,0.3,0.92,0.93,0.92,3.00E+006,1.00E+006,1.60E+006,1.50E+006,3.00E+006,1.55E+006,2.90E+005,1.30E+006,2.90E+005,1.51,0.7,0.72,0.15,1.8,0.9338,0.04,0.3,0.05,0.05,0.08,0.02,0.4,0.2,0.125,0.1,1,0.05,0,0,0,0,0,0,0,0,0,0,0,0,0,0,0,0,0.038497827,0,0,0,0,0,0,0,0,0,0,0,0.038497827,0
279,0.074900085,0.668492344,0.256607571,14,0.15,0.05,0.15,0.16,0.3,0.92,0.93,0.92,3.00E+006,1.00E+006,1.60E+006,1.50E+006,3.00E+006,1.55E+006,2.90E+005,1.30E+006,2.90E+005,1.51,0.7,0.72,0.15,1.8,0.9338,0.04,0.3,0.05,0.05,0.08,0.02,0.4,0.2,0.125,0.1,1,0.05,0,0,0,0,0,0,0,0,0,0,0,0,0,0,0,0,0.037450042,0,0,0,0,0,0,0,0,0,0,0,0.037450042,0
280,0.072830875,0.669876011,0.257293114,14,0.15,0.05,0.15,0.16,0.3,0.92,0.93,0.92,3.00E+006,1.00E+006,1.60E+006,1.50E+006,3.00E+006,1.55E+006,2.90E+005,1.30E+006,2.90E+005,1.51,0.7,0.72,0.15,1.8,0.9338,0.04,0.3,0.05,0.05,0.08,0.02,0.4,0.2,0.125,0.1,1,0.05,0,0,0,0,0,0,0,0,0,0,0,0,0,0,0,0,0.036415438,0,0,0,0,0,0,0,0,0,0,0,0.036415438,0
281,0.070787371,0.671242488,0.257970142,14,0.15,0.05,0.15,0.16,0.3,0.92,0.93,0.92,3.00E+006,1.00E+006,1.60E+006,1.50E+006,3.00E+006,1.55E+006,2.90E+005,1.30E+006,2.90E+005,1.51,0.7,0.72,0.15,1.8,0.9338,0.04,0.3,0.05,0.05,0.08,0.02,0.4,0.2,0.125,0.1,1,0.05,0,0,0,0,0,0,0,0,0,0,0,0,0,0,0,0,0.035393685,0,0,0,0,0,0,0,0,0,0,0,0.035393685,0
282,0.06876894,0.672592198,0.258638862,14,0.15,0.05,0.15,0.16,0.3,0.92,0.93,0.92,3.00E+006,1.00E+006,1.60E+006,1.50E+006,3.00E+006,1.55E+006,2.90E+005,1.30E+006,2.90E+005,1.51,0.7,0.72,0.15,1.8,0.9338,0.04,0.3,0.05,0.05,0.08,0.02,0.4,0.2,0.125,0.1,1,0.05,0,0,0,0,0,0,0,0,0,0,0,0,0,0,0,0,0.03438447,0,0,0,0,0,0,0,0,0,0,0,0.03438447,0
283,0.066774977,0.673925548,0.259299476,14,0.15,0.05,0.15,0.16,0.3,0.92,0.93,0.92,3.00E+006,1.00E+006,1.60E+006,1.50E+006,3.00E+006,1.55E+006,2.90E+005,1.30E+006,2.90E+005,1.51,0.7,0.72,0.15,1.8,0.9338,0.04,0.3,0.05,0.05,0.08,0.02,0.4,0.2,0.125,0.1,1,0.05,0,0,0,0,0,0,0,0,0,0,0,0,0,0,0,0,0.033387488,0,0,0,0,0,0,0,0,0,0,0,0.033387488,0
284,0.064804893,0.675242929,0.259952178,14,0.15,0.05,0.15,0.16,0.3,0.92,0.93,0.92,3.00E+006,1.00E+006,1.60E+006,1.50E+006,3.00E+006,1.55E+006,2.90E+005,1.30E+006,2.90E+005,1.51,0.7,0.72,0.15,1.8,0.9338,0.04,0.3,0.05,0.05,0.08,0.02,0.4,0.2,0.125,0.1,1,0.05,0,0,0,0,0,0,0,0,0,0,0,0,0,0,0,0,0.032402447,0,0,0,0,0,0,0,0,0,0,0,0.032402447,0
285,0.062858125,0.676544719,0.260597156,14,0.15,0.05,0.15,0.16,0.3,0.92,0.93,0.92,3.00E+006,1.00E+006,1.60E+006,1.50E+006,3.00E+006,1.55E+006,2.90E+005,1.30E+006,2.90E+005,1.51,0.7,0.72,0.15,1.8,0.9338,0.04,0.3,0.05,0.05,0.08,0.02,0.4,0.2,0.125,0.1,1,0.05,0,0,0,0,0,0,0,0,0,0,0,0,0,0,0,0,0.031429062,0,0,0,0,0,0,0,0,0,0,0,0.031429062,0
286,0.060934126,0.677831283,0.26123459,14,0.15,0.05,0.15,0.16,0.3,0.92,0.93,0.92,3.00E+006,1.00E+006,1.60E+006,1.50E+006,3.00E+006,1.55E+006,2.90E+005,1.30E+006,2.90E+005,1.51,0.7,0.72,0.15,1.8,0.9338,0.04,0.3,0.05,0.05,0.08,0.02,0.4,0.2,0.125,0.1,1,0.05,0,0,0,0,0,0,0,0,0,0,0,0,0,0,0,0,0.030467063,0,0,0,0,0,0,0,0,0,0,0,0.030467063,0
287,0.059032371,0.679102974,0.261864655,14,0.15,0.05,0.15,0.16,0.3,0.92,0.93,0.92,3.00E+006,1.00E+006,1.60E+006,1.50E+006,3.00E+006,1.55E+006,2.90E+005,1.30E+006,2.90E+005,1.51,0.7,0.72,0.15,1.8,0.9338,0.04,0.3,0.05,0.05,0.08,0.02,0.4,0.2,0.125,0.1,1,0.05,0,0,0,0,0,0,0,0,0,0,0,0,0,0,0,0,0.029516186,0,0,0,0,0,0,0,0,0,0,0,0.029516186,0
288,0.057152351,0.68036013,0.262487519,14,0.15,0.05,0.15,0.16,0.3,0.92,0.93,0.92,3.00E+006,1.00E+006,1.60E+006,1.50E+006,3.00E+006,1.55E+006,2.90E+005,1.30E+006,2.90E+005,1.51,0.7,0.72,0.15,1.8,0.9338,0.04,0.3,0.05,0.05,0.08,0.02,0.4,0.2,0.125,0.1,1,0.05,0,0,0,0,0,0,0,0,0,0,0,0,0,0,0,0,0.028576175,0,0,0,0,0,0,0,0,0,0,0,0.028576175,0
289,0.055293574,0.681603081,0.263103345,14,0.15,0.05,0.15,0.16,0.3,0.92,0.93,0.92,3.00E+006,1.00E+006,1.60E+006,1.50E+006,3.00E+006,1.55E+006,2.90E+005,1.30E+006,2.90E+005,1.51,0.7,0.72,0.15,1.8,0.9338,0.04,0.3,0.05,0.05,0.08,0.02,0.4,0.2,0.125,0.1,1,0.05,0,0,0,0,0,0,0,0,0,0,0,0,0,0,0,0,0.027646787,0,0,0,0,0,0,0,0,0,0,0,0.027646787,0
290,0.053455566,0.682832144,0.26371229,14,0.15,0.05,0.15,0.16,0.3,0.92,0.93,0.92,3.00E+006,1.00E+006,1.60E+006,1.50E+006,3.00E+006,1.55E+006,2.90E+005,1.30E+006,2.90E+005,1.51,0.7,0.72,0.15,1.8,0.9338,0.04,0.3,0.05,0.05,0.08,0.02,0.4,0.2,0.125,0.1,1,0.05,0,0,0,0,0,0,0,0,0,0,0,0,0,0,0,0,0.026727783,0,0,0,0,0,0,0,0,0,0,0,0.026727783,0
291,0.051637868,0.684047626,0.264314506,14,0.15,0.05,0.15,0.16,0.3,0.92,0.93,0.92,3.00E+006,1.00E+006,1.60E+006,1.50E+006,3.00E+006,1.55E+006,2.90E+005,1.30E+006,2.90E+005,1.51,0.7,0.72,0.15,1.8,0.9338,0.04,0.3,0.05,0.05,0.08,0.02,0.4,0.2,0.125,0.1,1,0.05,0,0,0,0,0,0,0,0,0,0,0,0,0,0,0,0,0.025818934,0,0,0,0,0,0,0,0,0,0,0,0.025818934,0
292,0.049840036,0.685249824,0.26491014,14,0.15,0.05,0.15,0.16,0.3,0.92,0.93,0.92,3.00E+006,1.00E+006,1.60E+006,1.50E+006,3.00E+006,1.55E+006,2.90E+005,1.30E+006,2.90E+005,1.51,0.7,0.72,0.15,1.8,0.9338,0.04,0.3,0.05,0.05,0.08,0.02,0.4,0.2,0.125,0.1,1,0.05,0,0,0,0,0,0,0,0,0,0,0,0,0,0,0,0,0.024920018,0,0,0,0,0,0,0,0,0,0,0,0.024920018,0
293,0.04806164,0.686439025,0.265499335,14,0.15,0.05,0.15,0.16,0.3,0.92,0.93,0.92,3.00E+006,1.00E+006,1.60E+006,1.50E+006,3.00E+006,1.55E+006,2.90E+005,1.30E+006,2.90E+005,1.51,0.7,0.72,0.15,1.8,0.9338,0.04,0.3,0.05,0.05,0.08,0.02,0.4,0.2,0.125,0.1,1,0.05,0,0,0,0,0,0,0,0,0,0,0,0,0,0,0,0,0.02403082,0,0,0,0,0,0,0,0,0,0,0,0.02403082,0
294,0.046302265,0.687615507,0.266082228,14,0.15,0.05,0.15,0.16,0.3,0.92,0.93,0.92,3.00E+006,1.00E+006,1.60E+006,1.50E+006,3.00E+006,1.55E+006,2.90E+005,1.30E+006,2.90E+005,1.51,0.7,0.72,0.15,1.8,0.9338,0.04,0.3,0.05,0.05,0.08,0.02,0.4,0.2,0.125,0.1,1,0.05,0,0,0,0,0,0,0,0,0,0,0,0,0,0,0,0,0.023151132,0,0,0,0,0,0,0,0,0,0,0,0.023151132,0
295,0.044561508,0.688779539,0.266658953,14,0.15,0.05,0.15,0.16,0.3,0.92,0.93,0.92,3.00E+006,1.00E+006,1.60E+006,1.50E+006,3.00E+006,1.55E+006,2.90E+005,1.30E+006,2.90E+005,1.51,0.7,0.72,0.15,1.8,0.9338,0.04,0.3,0.05,0.05,0.08,0.02,0.4,0.2,0.125,0.1,1,0.05,0,0,0,0,0,0,0,0,0,0,0,0,0,0,0,0,0.022280754,0,0,0,0,0,0,0,0,0,0,0,0.022280754,0
296,0.042838979,0.689931382,0.267229639,14,0.15,0.05,0.15,0.16,0.3,0.92,0.93,0.92,3.00E+006,1.00E+006,1.60E+006,1.50E+006,3.00E+006,1.55E+006,2.90E+005,1.30E+006,2.90E+005,1.51,0.7,0.72,0.15,1.8,0.9338,0.04,0.3,0.05,0.05,0.08,0.02,0.4,0.2,0.125,0.1,1,0.05,0,0,0,0,0,0,0,0,0,0,0,0,0,0,0,0,0.02141949,0,0,0,0,0,0,0,0,0,0,0,0.02141949,0
297,0.041134301,0.691071288,0.267794411,14,0.15,0.05,0.15,0.16,0.3,0.92,0.93,0.92,3.00E+006,1.00E+006,1.60E+006,1.50E+006,3.00E+006,1.55E+006,2.90E+005,1.30E+006,2.90E+005,1.51,0.7,0.72,0.15,1.8,0.9338,0.04,0.3,0.05,0.05,0.08,0.02,0.4,0.2,0.125,0.1,1,0.05,0,0,0,0,0,0,0,0,0,0,0,0,0,0,0,0,0.02056715,0,0,0,0,0,0,0,0,0,0,0,0.02056715,0
298,0.039447106,0.692199503,0.26835339,14,0.15,0.05,0.15,0.16,0.3,0.92,0.93,0.92,3.00E+006,1.00E+006,1.60E+006,1.50E+006,3.00E+006,1.55E+006,2.90E+005,1.30E+006,2.90E+005,1.51,0.7,0.72,0.15,1.8,0.9338,0.04,0.3,0.05,0.05,0.08,0.02,0.4,0.2,0.125,0.1,1,0.05,0,0,0,0,0,0,0,0,0,0,0,0,0,0,0,0,0.019723553,0,0,0,0,0,0,0,0,0,0,0,0.019723553,0
299,0.037777041,0.693316264,0.268906695,14,0.15,0.05,0.15,0.16,0.3,0.92,0.93,0.92,3.00E+006,1.00E+006,1.60E+006,1.50E+006,3.00E+006,1.55E+006,2.90E+005,1.30E+006,2.90E+005,1.51,0.7,0.72,0.15,1.8,0.9338,0.04,0.3,0.05,0.05,0.08,0.02,0.4,0.2,0.125,0.1,1,0.05,0,0,0,0,0,0,0,0,0,0,0,0,0,0,0,0,0.018888521,0,0,0,0,0,0,0,0,0,0,0,0.018888521,0
310,0,0,1,-9999,-9999,0.05,-9999,0.16,-9999,-9999,0.93,-9999,-9999,1.00E+006,-9999,-9999,3.00E+006,-9999,-9999,1.30E+006,-9999,-9999,0.7,-9999,-9999,1.8,-9999,-9999,0.3,-9999,-9999,0.08,-9999,-9999,0.2,-9999,-9999,1,-9999,10,5,0,0,0,0,0,0,0,0,0,0,0,0,0,0,0,0,0,0,0,0,0,0,0,0,0,0,0,0
320,0,0,1,-9999,-9999,0.05,-9999,0.16,-9999,-9999,0.93,-9999,-9999,1.00E+006,-9999,-9999,3.00E+006,-9999,-9999,1.30E+006,-9999,-9999,0.7,-9999,-9999,1.8,-9999,-9999,0.3,-9999,-9999,0.08,-9999,-9999,0.2,-9999,-9999,1,-9999,10,5,0,0,0,0,0,0,0,0,0,0,0,0,0,0,0,0,0,0,0,0,0,0,0,0,0,0,0,0
330,0,0,1,-9999,-9999,0.08,-9999,0.72,-9999,-9999,0.28,-9999,-9999,1.00E+006,-9999,-9999,3.00E+006,-9999,-9999,1.30E+006,-9999,-9999,0.36,-9999,-9999,1.8,-9999,-9999,0.3,-9999,-9999,0.08,-9999,-9999,0.2,-9999,-9999,1,-9999,0,0,0,0,0,0,0,0,0,0,0,0,0,0,0,0,0,0,0,0,0,0,0,0,0,0,0,0,0,0
340,0,0,1,-9999,-9999,0.08,-9999,0.57,-9999,-9999,0.5,-9999,-9999,1.53E+006,-9999,-9999,3.00E+006,-9999,-9999,1.30E+006,-9999,-9999,4.28,-9999,-9999,1.8,-9999,-9999,0.3,-9999,-9999,0.08,-9999,-9999,0.2,-9999,-9999,1,-9999,10,5,0,0,0,0,0,0,0,0,0,0,0,0,0,0,0,0,0,0,0,0,0,0,0,0,0,0,0,0
350,0,0,1,-9999,-9999,0.05,-9999,0.16,-9999,-9999,0.93,-9999,-9999,1.00E+006,-9999,-9999,2.18E+006,-9999,-9999,2.18E+006,-9999,-9999,0.7,-9999,-9999,1.83,-9999,-9999,1.83,-9999,-9999,0.08,-9999,-9999,0.2,-9999,-9999,1,-9999,10,5,0,0,0,0,0,0,0,0,0,0,0,0,0,0,0,0,0,0,0,0,0,0,0,0,0,0,0,0
360,0,0,1,-9999,-9999,1,-9999,0.72,-9999,-9999,0.28,-9999,-9999,1.53E+006,-9999,-9999,3.00E+006,-9999,-9999,1.30E+006,-9999,50,0.36,50,50,1.8,50,50,0.3,50,0.05,0.08,0.02,0.4,0.2,0.125,0.1,1,0.05,0,0,0,0,0,0,0,0,0,0,0,0,0,0,0,0,0,0,0,0,0,0,0,0,0,0,0,0,0,0
410,0,0,1,-9999,-9999,0.5,-9999,0.4,-9999,-9999,0.76,-9999,-9999,1.20E+006,-9999,-9999,3.00E+006,-9999,-9999,1.30E+006,-9999,-9999,0.36,-9999,-9999,1.8,-9999,-9999,0.3,-9999,-9999,0.08,-9999,-9999,0.2,-9999,-9999,1,-9999,0,0,0,0,0,0,0,0,0,0,0,0,0,0,0,0,0,0,0,0,0,0,0,0,0,0,0,0,0,0
420,0,1,0,25,0.15,-9999,0.8,-9999,0.8,0.8,-9999,0.8,1.10E+003,-9999,3.95E+006,1.10E+003,-9999,3.95E+006,1.10E+003,-9999,3.95E+006,0.026,-9999,50,0.026,-9999,50,0.026,-9999,50,0.05,-9999,0.02,0.4,-9999,0.125,0.1,-9999,0.05,0,0,0,0,0,0,0,0,0,0,0,0,0,0,0,0,0,0,0,0,0,0,0,0,0,0,0,0,0,0
430,0.1,0,0.9,-9999,-9999,0.5,-9999,0.8,-9999,-9999,0.4,-9999,-9999,3.95E+006,-9999,-9999,3.95E+006,3.95E+006,3.95E+006,0,3.95E+006,50,0,50,50,0,50,50,0,50,0.05,0,0.02,0.4,0,0.125,0.1,0,0.05,0,0,0,0,0,0,0,0,0,0,0,0,0,0,0,0,0.1,0,0,0,0,0,0,0,0,0,0,0,0,0
440,0,0,1,-9999,-9999,0.08,-9999,0.35,-9999,-9999,0.92,-9999,-9999,2.18E+006,-9999,-9999,2.18E+006,-9999,-9999,2.18E+006,-9999,-9999,1.83,0,0,1.83,-9999,-9999,1.83,-9999,-9999,0.08,-9999,-9999,0.2,-9999,-9999,1,-9999,0,0,0,0,0,0,0,0,0,0,0,0,0,0,0,0,0,0,0,0,0,0,0,0,0,0,0,0,0,0
450,0.1,0,0.9,-9999,-9999,0.08,-9999,0.16,-9999,-9999,0.93,-9999,-9999,1.00E+006,-9999,-9999,3.00E+006,-9999,-9999,1.30E+006,-9999,-9999,0.7,0,0,1.8,-9999,-9999,0.3,-9999,-9999,0.08,-9999,-9999,0.2,-9999,-9999,1,-9999,0,0,0,0,0,0,0,0,0,0,0,0,0,0,0,0,0.1,0,0,0,0,0,0,0,0,0,0,0,0,0
460,0,0.8,0.2,20,0.1,0.05,0.8,0.16,0.8,0.4,0.93,0.4,3.95E+006,1.00E+006,3.95E+006,3.95E+006,3.00E+006,3.95E+006,3.95E+006,1.30E+006,3.95E+006,50,0.7,50,50,1.8,50,50,0.3,50,0.05,0.08,0.02,0.4,0.2,0.125,0.1,1,0.05,0,0,0,0,0,0,0,0,0,0,0,0,0,0,0,0,0,0,0,0,0,0,0,0,0,0,0,0,0,0
470,0.1,0.1,0.8,4.5,0.15,1,0.5,0.16,0.5,0.88,0.93,0.8,3.20E+006,1.00E+006,2.20E+006,2.20E+006,3.00E+006,2.20E+006,3.20E+006,1.30E+006,3.20E+006,3,0.7,3,1,0.7,2,1,0.7,1,0.05,0.08,0.02,0.4,0.2,0.125,0.1,1,0.05,0,0,0,0,0,0,0,0,0,0,0,0,0,0,0,0,0,0,0,0,0,0,0,0,0,0,0,0,0.1,0
520,0.75,0.2,0.05,0.5,0.15,0.05,0.15,0.16,0.3,0.92,0.93,0.92,3.00E+006,1.00E+006,1.60E+006,1.50E+006,3.00E+006,1.55E+006,2.90E+005,1.30E+006,2.90E+005,1.51,0.7,0.72,0.15,1.8,0.9338,0.04,0.3,0.05,0.05,0.08,0.02,0.4,0.2,0.125,0.1,1,0.05,0,0,0,0,0,0,0,0,0,0,0,0,0,0,0,0,0.38,0,0,0,0,0,0,0,0,0,0,0,0.37,0
530,0,1,0,3,0.15,-9999,0.2,-9999,0.2,0.9,-9999,0.9,1.89E+006,-9999,1.89E+006,1.89E+006,-9999,1.89E+006,1.89E+006,-9999,1.89E+006,1.77,-9999,1.77,1.77,-9999,1.77,1.77,-9999,1.77,0.05,-9999,0.02,0.4,-9999,0.125,0.1,-9999,0.05,0,0,0,0,0,0,0,0,0,0,0,0,0,0,0,0,0,0,0,0,0,0,0,0,0,0,0,0,0,0
702,1,0,0,-9999,-9999,-9999,-9999,-9999,-9999,-9999,0.93,-9999,-9999,-9999,-9999,-9999,-9999,-9999,-9999,-9999,-9999,-9999,-9999,-9999,-9999,-9999,-9999,-9999,-9999,-9999,-9999,-9999,-9999,-9999,-9999,-9999,-9999,-9999,-9999,-9999,-9999,-9999,-9999,0,1,0,0,0,0,0,0,0,0,0,0,0,0,0,0,0,0,0,0,0,0,0,0,0,0
704,1,0,0,-9999,-9999,-9999,-9999,-9999,-9999,-9999,0.93,-9999,-9999,-9999,-9999,-9999,-9999,-9999,-9999,-9999,-9999,-9999,-9999,-9999,-9999,-9999,-9999,-9999,-9999,-9999,-9999,-9999,-9999,-9999,-9999,-9999,-9999,-9999,-9999,-9999,-9999,-9999,-9999,0,0,0,1,0,0,0,0,0,0,0,0,0,0,0,0,0,0,0,0,0,0,0,0,0,0
707,1,0,0,-9999,-9999,-9999,-9999,-9999,-9999,-9999,0.93,-9999,-9999,-9999,-9999,-9999,-9999,-9999,-9999,-9999,-9999,-9999,-9999,-9999,-9999,-9999,-9999,-9999,-9999,-9999,-9999,-9999,-9999,-9999,-9999,-9999,-9999,-9999,-9999,-9999,-9999,-9999,-9999,0,0,0,0,0,0,1,0,0,0,0,0,0,0,0,0,0,0,0,0,0,0,0,0,0,0
711,1,0,0,-9999,-9999,-9999,-9999,-9999,-9999,-9999,0.93,-9999,-9999,-9999,-9999,-9999,-9999,-9999,-9999,-9999,-9999,-9999,-9999,-9999,-9999,-9999,-9999,-9999,-9999,-9999,-9999,-9999,-9999,-9999,-9999,-9999,-9999,-9999,-9999,-9999,-9999,-9999,-9999,0,0,0,0,0,0,0,0,0,0,1,0,0,0,0,0,0,0,0,0,0,0,0,0,0,0
714,1,0,0,-9999,-9999,-9999,-9999,-9999,-9999,-9999,0.93,-9999,-9999,-9999,-9999,-9999,-9999,-9999,-9999,-9999,-9999,-9999,-9999,-9999,-9999,-9999,-9999,-9999,-9999,-9999,-9999,-9999,-9999,-9999,-9999,-9999,-9999,-9999,-9999,-9999,-9999,-9999,-9999,0,0,0,0,0,0,0,0,0,0,0,0,0,1,0,0,0,0,0,0,0,0,0,0,0,0
715,1,0,0,-9999,-9999,-9999,-9999,-9999,-9999,-9999,0.93,-9999,-9999,-9999,-9999,-9999,-9999,-9999,-9999,-9999,-9999,-9999,-9999,-9999,-9999,-9999,-9999,-9999,-9999,-9999,-9999,-9999,-9999,-9999,-9999,-9999,-9999,-9999,-9999,-9999,-9999,-9999,-9999,0,0,0,0,0,0,0,0,0,0,0,0,0,0,1,0,0,0,0,0,0,0,0,0,0,0
722,1,0,0,-9999,-9999,-9999,-9999,-9999,-9999,-9999,0.93,-9999,-9999,-9999,-9999,-9999,-9999,-9999,-9999,-9999,-9999,-9999,-9999,-9999,-9999,-9999,-9999,-9999,-9999,-9999,-9999,-9999,-9999,-9999,-9999,-9999,-9999,-9999,-9999,-9999,-9999,-9999,-9999,0,0,0,0,0,0,0,0,0,0,0,0,0,0,0,0,0,0,0,0,0,1,0,0,0,0
723,1,0,0,-9999,-9999,-9999,-9999,-9999,-9999,-9999,0.93,-9999,-9999,-9999,-9999,-9999,-9999,-9999,-9999,-9999,-9999,-9999,-9999,-9999,-9999,-9999,-9999,-9999,-9999,-9999,-9999,-9999,-9999,-9999,-9999,-9999,-9999,-9999,-9999,-9999,-9999,-9999,-9999,0,0,0,0,0,0,0,0,0,0,0,0,0,0,0,0,0,0,0,0,0,0,1,0,0,0
724,1,0,0,-9999,-9999,-9999,-9999,-9999,-9999,-9999,0.93,-9999,-9999,-9999,-9999,-9999,-9999,-9999,-9999,-9999,-9999,-9999,-9999,-9999,-9999,-9999,-9999,-9999,-9999,-9999,-9999,-9999,-9999,-9999,-9999,-9999,-9999,-9999,-9999,-9999,-9999,-9999,-9999,0,0,0,0,0,0,0,0,0,0,0,0,0,0,0,0,0,0,0,0,0,0,0,1,0,0
725,1,0,0,-9999,-9999,-9999,-9999,-9999,-9999,-9999,0.93,-9999,-9999,-9999,-9999,-9999,-9999,-9999,-9999,-9999,-9999,-9999,-9999,-9999,-9999,-9999,-9999,-9999,-9999,-9999,-9999,-9999,-9999,-9999,-9999,-9999,-9999,-9999,-9999,-9999,-9999,-9999,-9999,0,0,0,0,0,0,0,0,0,0,0,0,0,0,0,0,0,0,0,0,0,0,0,0,1,0
726,1,0,0,-9999,-9999,-9999,-9999,-9999,-9999,-9999,0.93,-9999,-9999,-9999,-9999,-9999,-9999,-9999,-9999,-9999,-9999,-9999,-9999,-9999,-9999,-9999,-9999,-9999,-9999,-9999,-9999,-9999,-9999,-9999,-9999,-9999,-9999,-9999,-9999,-9999,-9999,-9999,-9999,0,0,0,0,0,0,0,0,0,0,0,0,0,0,0,0,0,0,0,0,0,0,0,0,0,1
825,1,0,0,-9999,-9999,-9999,-9999,-9999,-9999,-9999,0.93,-9999,-9999,-9999,-9999,-9999,-9999,-9999,-9999,-9999,-9999,-9999,-9999,-9999,-9999,-9999,-9999,-9999,-9999,-9999,-9999,-9999,-9999,-9999,-9999,-9999,-9999,-9999,-9999,-9999,-9999,-9999,-9999,0,0,0,0,0,0,0,0,0,0,0,0,0,0,0,0,0,0,0,0,0,0,0,0,1,0
813,1,0,0,-9999,-9999,-9999,-9999,-9999,-9999,-9999,0.93,-9999,-9999,-9999,-9999,-9999,-9999,-9999,-9999,-9999,-9999,-9999,-9999,-9999,-9999,-9999,-9999,-9999,-9999,-9999,-9999,-9999,-9999,-9999,-9999,-9999,-9999,-9999,-9999,-9999,-9999,-9999,-9999,0,0,0,0,0,0,0,0,0,0,0,0,1,0,0,0,0,0,0,0,0,0,0,0,0,0
824,1,0,0,-9999,-9999,-9999,-9999,-9999,-9999,-9999,0.93,-9999,-9999,-9999,-9999,-9999,-9999,-9999,-9999,-9999,-9999,-9999,-9999,-9999,-9999,-9999,-9999,-9999,-9999,-9999,-9999,-9999,-9999,-9999,-9999,-9999,-9999,-9999,-9999,-9999,-9999,-9999,-9999,0,0,0,0,0,0,0,0,0,0,0,0,0,0,0,0,0,0,0,0,0,0,0,1,0,0
823,1,0,0,-9999,-9999,-9999,-9999,-9999,-9999,-9999,0.93,-9999,-9999,-9999,-9999,-9999,-9999,-9999,-9999,-9999,-9999,-9999,-9999,-9999,-9999,-9999,-9999,-9999,-9999,-9999,-9999,-9999,-9999,-9999,-9999,-9999,-9999,-9999,-9999,-9999,-9999,-9999,-9999,0,0,0,0,0,0,0,0,0,0,0,0,0,0,0,0,0,0,0,0,0,0,1,0,0,0
903,1,0,0,-9999,-9999,-9999,-9999,-9999,-9999,-9999,0.93,-9999,-9999,-9999,-9999,-9999,-9999,-9999,-9999,-9999,-9999,-9999,-9999,-9999,-9999,-9999,-9999,-9999,-9999,-9999,-9999,-9999,-9999,-9999,-9999,-9999,-9999,-9999,-9999,-9999,-9999,-9999,-9999,0,0,1,0,0,0,0,0,0,0,0,0,0,0,0,0,0,0,0,0,0,0,0,0,0,0
902,1,0,0,-9999,-9999,-9999,-9999,-9999,-9999,-9999,0.93,-9999,-9999,-9999,-9999,-9999,-9999,-9999,-9999,-9999,-9999,-9999,-9999,-9999,-9999,-9999,-9999,-9999,-9999,-9999,-9999,-9999,-9999,-9999,-9999,-9999,-9999,-9999,-9999,-9999,-9999,-9999,-9999,0,1,0,0,0,0,0,0,0,0,0,0,0,0,0,0,0,0,0,0,0,0,0,0,0,0
924,1,0,0,-9999,-9999,-9999,-9999,-9999,-9999,-9999,0.93,-9999,-9999,-9999,-9999,-9999,-9999,-9999,-9999,-9999,-9999,-9999,-9999,-9999,-9999,-9999,-9999,-9999,-9999,-9999,-9999,-9999,-9999,-9999,-9999,-9999,-9999,-9999,-9999,-9999,-9999,-9999,-9999,0,0,0,0,0,0,0,0,0,0,0,0,0,0,0,0,0,0,0,0,0,0,0,1,0,0
